userId,language,mistakePatternId,occurrenceCount,masteryScore,userArchetype
user_1,cpp,cpp.PointerErrors,22,0.15,PointerStruggler
user_1,cpp,cpp.MemoryLeaks,18,0.20,PointerStruggler
user_1,cpp,cpp.OffByOne,5,0.65,PointerStruggler
user_1,java,java.NullPointerException,3,0.85,PointerStruggler
user_2,java,java.NullPointerException,28,0.10,JavaNewbie
user_2,java,java.TypeMismatch,20,0.18,JavaNewbie
user_2,java,java.StaticMethods,15,0.30,JavaNewbie
user_2,python,python.IndentationError,4,0.78,JavaNewbie
user_3,python,python.ListComprehension,35,0.95,Pythonista
user_3,python,python.AsyncAwait,2,0.90,Pythonista
user_3,python,python.NameError,6,0.70,Pythonista
user_3,cpp,cpp.PointerErrors,25,0.12,Pythonista
user_4,cpp,cpp.InfiniteLoop,19,0.22,LogicLooper
user_4,python,python.OffByOne,17,0.25,LogicLooper
user_4,java,java.ArrayIndexOutOfBounds,15,0.30,LogicLooper
user_5,cpp,cpp.PointerErrors,2,0.95,PolyglotPro
user_5,java,java.NullPointerException,1,0.98,PolyglotPro
user_5,python,python.AsyncAwait,3,0.92,PolyglotPro
user_6,cpp,cpp.PointerErrors,25,0.11,PointerStruggler
user_6,cpp,cpp.MemoryLeaks,20,0.19,PointerStruggler
user_6,cpp,cpp.OffByOne,7,0.60,PointerStruggler
user_7,java,java.NullPointerException,30,0.09,JavaNewbie
user_7,java,java.TypeMismatch,22,0.15,JavaNewbie
user_7,java,java.StaticMethods,18,0.25,JavaNewbie
user_8,python,python.ListComprehension,38,0.97,Pythonista
user_8,python,python.AsyncAwait,1,0.95,Pythonista
user_8,python,python.NameError,4,0.80,Pythonista
user_9,cpp,cpp.InfiniteLoop,21,0.18,LogicLooper
user_9,python,python.OffByOne,19,0.20,LogicLooper
user_9,java,java.ArrayIndexOutOfBounds,17,0.28,LogicLooper
user_10,cpp,cpp.PointerErrors,1,0.97,PolyglotPro
user_10,java,java.NullPointerException,2,0.96,PolyglotPro
user_10,python,python.AsyncAwait,1,0.98,PolyglotPro
user_11,cpp,cpp.PointerErrors,19,0.21,PointerStruggler
user_11,cpp,cpp.MemoryLeaks,16,0.24,PointerStruggler
user_12,java,java.NullPointerException,26,0.13,JavaNewbie
user_12,java,java.TypeMismatch,18,0.22,JavaNewbie
user_13,python,python.ListComprehension,33,0.92,Pythonista
user_13,python,python.NameError,7,0.68,Pythonista
user_14,cpp,cpp.InfiniteLoop,18,0.24,LogicLooper
user_14,python,python.OffByOne,16,0.28,LogicLooper
user_15,cpp,cpp.PointerErrors,3,0.91,PolyglotPro
user_15,java,java.NullPointerException,1,0.99,PolyglotPro
user_15,python,python.AsyncAwait,2,0.94,PolyglotPro
user_16,cpp,cpp.PointerErrors,23,0.14,PointerStruggler
user_16,cpp,cpp.MemoryLeaks,19,0.21,PointerStruggler
user_17,java,java.NullPointerException,29,0.10,JavaNewbie
user_17,java,java.TypeMismatch,21,0.17,JavaNewbie
user_18,python,python.ListComprehension,36,0.94,Pythonista
user_18,python,python.AsyncAwait,3,0.88,Pythonista
user_19,cpp,cpp.InfiniteLoop,20,0.20,LogicLooper
user_19,python,python.OffByOne,18,0.22,LogicLooper
user_20,cpp,cpp.PointerErrors,2,0.93,PolyglotPro
user_20,java,java.NullPointerException,2,0.95,PolyglotPro
user_20,python,python.AsyncAwait,2,0.93,PolyglotPro
user_21,cpp,cpp.PointerErrors,21,0.17,PointerStruggler
user_21,cpp,cpp.MemoryLeaks,17,0.23,PointerStruggler
user_22,java,java.NullPointerException,27,0.12,JavaNewbie
user_22,java,java.TypeMismatch,19,0.20,JavaNewbie
user_23,python,python.ListComprehension,34,0.93,Pythonista
user_23,python,python.NameError,5,0.75,Pythonista
user_24,cpp,cpp.InfiniteLoop,19,0.21,LogicLooper
user_24,python,python.OffByOne,17,0.24,LogicLooper
user_25,cpp,cpp.PointerErrors,1,0.98,PolyglotPro
user_25,java,java.NullPointerException,3,0.92,PolyglotPro
user_25,python,python.AsyncAwait,1,0.97,PolyglotPro
user_26,cpp,cpp.PointerErrors,24,0.13,PointerStruggler
user_26,cpp,cpp.MemoryLeaks,21,0.18,PointerStruggler
user_27,java,java.NullPointerException,31,0.08,JavaNewbie
user_27,java,java.TypeMismatch,23,0.14,JavaNewbie
user_28,python,python.ListComprehension,37,0.96,Pythonista
user_28,python,python.AsyncAwait,2,0.91,Pythonista
user_29,cpp,cpp.InfiniteLoop,22,0.16,LogicLooper
user_29,python,python.OffByOne,20,0.18,LogicLooper
user_30,cpp,cpp.PointerErrors,2,0.94,PolyglotPro
user_30,java,java.NullPointerException,1,0.98,PolyglotPro
user_30,python,python.AsyncAwait,3,0.90,PolyglotPro
user_31,cpp,cpp.PointerErrors,20,0.19,PointerStruggler
user_32,java,java.NullPointerException,28,0.11,JavaNewbie
user_33,python,python.ListComprehension,35,0.93,Pythonista
user_34,cpp,cpp.InfiniteLoop,20,0.19,LogicLooper
user_35,cpp,cpp.PointerErrors,1,0.99,PolyglotPro
user_36,cpp,cpp.MemoryLeaks,22,0.15,PointerStruggler
user_37,java,java.TypeMismatch,24,0.12,JavaNewbie
user_38,python,python.NameError,3,0.85,Pythonista
user_39,python,python.OffByOne,21,0.17,LogicLooper
user_40,java,java.NullPointerException,2,0.94,PolyglotPro
user_41,cpp,cpp.PointerErrors,26,0.10,PointerStruggler
user_42,java,java.NullPointerException,32,0.07,JavaNewbie
user_43,python,python.ListComprehension,39,0.98,Pythonista
user_44,cpp,cpp.InfiniteLoop,23,0.14,LogicLooper
user_45,cpp,cpp.PointerErrors,3,0.90,PolyglotPro
user_46,cpp,cpp.MemoryLeaks,18,0.22,PointerStruggler
user_47,java,java.TypeMismatch,20,0.18,JavaNewbie
user_48,python,python.NameError,8,0.65,Pythonista
user_49,python,python.OffByOne,19,0.21,LogicLooper
user_50,java,java.NullPointerException,1,0.99,PolyglotPro
user_51,cpp,cpp.PointerErrors,21,0.16,PointerStruggler
user_51,cpp,cpp.MemoryLeaks,17,0.23,PointerStruggler
user_51,java,java.NullPointerException,4,0.72,PointerStruggler
user_52,java,java.NullPointerException,27,0.11,JavaNewbie
user_52,java,java.TypeMismatch,19,0.21,JavaNewbie
user_52,python,python.IndentationError,5,0.70,JavaNewbie
user_53,python,python.ListComprehension,34,0.94,Pythonista
user_53,python,python.AsyncAwait,2,0.89,Pythonista
user_53,cpp,cpp.PointerErrors,24,0.13,Pythonista
user_54,cpp,cpp.InfiniteLoop,18,0.25,LogicLooper
user_54,python,python.OffByOne,16,0.29,LogicLooper
user_54,java,java.ArrayIndexOutOfBounds,14,0.32,LogicLooper
user_55,cpp,cpp.PointerErrors,2,0.96,PolyglotPro
user_55,java,java.NullPointerException,1,0.97,PolyglotPro
user_55,python,python.AsyncAwait,2,0.95,PolyglotPro
user_56,cpp,cpp.PointerErrors,23,0.14,PointerStruggler
user_56,cpp,cpp.MemoryLeaks,20,0.18,PointerStruggler
user_56,cpp,cpp.OffByOne,6,0.62,PointerStruggler
user_57,java,java.NullPointerException,29,0.09,JavaNewbie
user_57,java,java.StaticMethods,16,0.28,JavaNewbie
user_57,python,python.TypeError,3,0.81,JavaNewbie
user_58,python,python.ListComprehension,36,0.95,Pythonista
user_58,python,python.NameError,5,0.74,Pythonista
user_58,java,java.NullPointerException,2,0.88,Pythonista
user_59,cpp,cpp.InfiniteLoop,20,0.19,LogicLooper
user_59,python,python.OffByOne,18,0.23,LogicLooper
user_59,java,java.ArrayIndexOutOfBounds,16,0.27,LogicLooper
user_60,cpp,cpp.PointerErrors,1,0.98,PolyglotPro
user_60,python,python.AsyncAwait,1,0.99,PolyglotPro
user_60,java,java.NullPointerException,2,0.94,PolyglotPro
user_61,cpp,cpp.PointerErrors,19,0.20,PointerStruggler
user_61,cpp,cpp.MemoryLeaks,15,0.26,PointerStruggler
user_61,python,python.IndentationError,4,0.75,PointerStruggler
user_62,java,java.NullPointerException,25,0.14,JavaNewbie
user_62,java,java.TypeMismatch,17,0.24,JavaNewbie
user_62,cpp,cpp.InfiniteLoop,8,0.55,JavaNewbie
user_63,python,python.ListComprehension,32,0.91,Pythonista
user_63,python,python.AsyncAwait,3,0.86,Pythonista
user_63,cpp,cpp.MemoryLeaks,22,0.15,Pythonista
user_64,cpp,cpp.InfiniteLoop,17,0.26,LogicLooper
user_64,python,python.OffByOne,15,0.31,LogicLooper
user_64,java,java.ArrayIndexOutOfBounds,13,0.35,LogicLooper
user_65,java,java.NullPointerException,1,0.99,PolyglotPro
user_65,cpp,cpp.PointerErrors,3,0.92,PolyglotPro
user_65,python,python.ListComprehension,2,0.96,PolyglotPro
user_66,cpp,cpp.PointerErrors,26,0.11,PointerStruggler
user_66,cpp,cpp.MemoryLeaks,21,0.17,PointerStruggler
user_66,java,java.ArrayIndexOutOfBounds,5,0.68,PointerStruggler
user_67,java,java.NullPointerException,30,0.08,JavaNewbie
user_67,java,java.StaticMethods,18,0.25,JavaNewbie
user_67,python,python.ValueError,6,0.65,JavaNewbie
user_68,python,python.ListComprehension,37,0.96,Pythonista
user_68,python,python.NameError,4,0.79,Pythonista
user_68,cpp,cpp.OffByOne,9,0.58,Pythonista
user_69,cpp,cpp.InfiniteLoop,21,0.17,LogicLooper
user_69,python,python.OffByOne,19,0.20,LogicLooper
user_69,java,java.ArrayIndexOutOfBounds,17,0.26,LogicLooper
user_70,python,python.AsyncAwait,2,0.93,PolyglotPro
user_70,java,java.NullPointerException,1,0.98,PolyglotPro
user_70,cpp,cpp.MemoryLeaks,1,0.97,PolyglotPro
user_71,cpp,cpp.PointerErrors,22,0.15,PointerStruggler
user_71,cpp,cpp.MemoryLeaks,19,0.20,PointerStruggler
user_71,python,python.SyntaxError,5,0.70,PointerStruggler
user_72,java,java.NullPointerException,26,0.12,JavaNewbie
user_72,java,java.TypeMismatch,20,0.19,JavaNewbie
user_72,cpp,cpp.PointerErrors,12,0.42,JavaNewbie
user_73,python,python.ListComprehension,33,0.92,Pythonista
user_73,python,python.AsyncAwait,4,0.83,Pythonista
user_73,java,java.TypeMismatch,7,0.72,Pythonista
user_74,cpp,cpp.InfiniteLoop,19,0.22,LogicLooper
user_74,python,python.OffByOne,17,0.25,LogicLooper
user_74,java,java.ArrayIndexOutOfBounds,15,0.29,LogicLooper
user_75,cpp,cpp.PointerErrors,2,0.95,PolyglotPro
user_75,java,java.NullPointerException,2,0.93,PolyglotPro
user_75,python,python.NameError,1,0.98,PolyglotPro
user_76,cpp,cpp.PointerErrors,24,0.13,PointerStruggler
user_76,cpp,cpp.MemoryLeaks,18,0.22,PointerStruggler
user_76,java,java.NullPointerException,6,0.60,PointerStruggler
user_77,java,java.NullPointerException,28,0.10,JavaNewbie
user_77,java,java.StaticMethods,17,0.26,JavaNewbie
user_77,python,python.IndentationError,4,0.77,JavaNewbie
user_78,python,python.ListComprehension,35,0.94,Pythonista
user_78,python,python.NameError,6,0.71,Pythonista
user_78,cpp,cpp.InfiniteLoop,11,0.48,Pythonista
user_79,cpp,cpp.InfiniteLoop,20,0.18,LogicLooper
user_79,python,python.OffByOne,18,0.22,LogicLooper
user_79,java,java.ArrayIndexOutOfBounds,16,0.28,LogicLooper
user_80,java,java.NullPointerException,1,0.99,PolyglotPro
user_80,python,python.AsyncAwait,3,0.91,PolyglotPro
user_80,cpp,cpp.OffByOne,2,0.94,PolyglotPro
user_81,cpp,cpp.PointerErrors,20,0.18,PointerStruggler
user_81,cpp,cpp.MemoryLeaks,16,0.25,PointerStruggler
user_81,python,python.TypeError,4,0.73,PointerStruggler
user_82,java,java.NullPointerException,27,0.11,JavaNewbie
user_82,java,java.TypeMismatch,21,0.16,JavaNewbie
user_82,cpp,cpp.MemoryLeaks,10,0.45,JavaNewbie
user_83,python,python.ListComprehension,36,0.95,Pythonista
user_83,python,python.AsyncAwait,2,0.90,Pythonista
user_83,java,java.ArrayIndexOutOfBounds,3,0.85,Pythonista
user_84,cpp,cpp.InfiniteLoop,18,0.24,LogicLooper
user_84,python,python.OffByOne,16,0.27,LogicLooper
user_84,java,java.ArrayIndexOutOfBounds,14,0.33,LogicLooper
user_85,cpp,cpp.PointerErrors,1,0.97,PolyglotPro
user_85,python,python.ListComprehension,1,0.99,PolyglotPro
user_85,java,java.StaticMethods,1,0.98,PolyglotPro
user_86,cpp,cpp.PointerErrors,25,0.12,PointerStruggler
user_86,cpp,cpp.MemoryLeaks,22,0.15,PointerStruggler
user_86,java,java.TypeMismatch,7,0.65,PointerStruggler
user_87,java,java.NullPointerException,31,0.07,JavaNewbie
user_87,java,java.StaticMethods,19,0.23,JavaNewbie
user_87,python,python.NameError,5,0.69,JavaNewbie
user_88,python,python.ListComprehension,38,0.97,Pythonista
user_88,python,python.NameError,5,0.76,Pythonista
user_88,cpp,cpp.PointerErrors,26,0.10,Pythonista
user_89,cpp,cpp.InfiniteLoop,22,0.15,LogicLooper
user_89,python,python.OffByOne,20,0.19,LogicLooper
user_89,java,java.ArrayIndexOutOfBounds,18,0.24,LogicLooper
user_90,python,python.AsyncAwait,1,0.97,PolyglotPro
user_90,java,java.NullPointerException,2,0.95,PolyglotPro
user_90,cpp,cpp.InfiniteLoop,1,0.98,PolyglotPro
user_91,cpp,cpp.PointerErrors,21,0.17,PointerStruggler
user_91,cpp,cpp.MemoryLeaks,17,0.24,PointerStruggler
user_91,python,python.IndentationError,6,0.62,PointerStruggler
user_92,java,java.NullPointerException,29,0.09,JavaNewbie
user_92,java,java.TypeMismatch,18,0.22,JavaNewbie
user_92,cpp,cpp.OffByOne,9,0.52,JavaNewbie
user_93,python,python.ListComprehension,34,0.93,Pythonista
user_93,python,python.AsyncAwait,3,0.87,Pythonista
user_93,java,java.NullPointerException,4,0.80,Pythonista
user_94,cpp,cpp.InfiniteLoop,19,0.21,LogicLooper
user_94,python,python.OffByOne,17,0.24,LogicLooper
user_94,java,java.ArrayIndexOutOfBounds,15,0.30,LogicLooper
user_95,java,java.NullPointerException,1,0.98,PolyglotPro
user_95,cpp,cpp.MemoryLeaks,2,0.93,PolyglotPro
user_95,python,python.OffByOne,2,0.94,PolyglotPro
user_96,cpp,cpp.PointerErrors,23,0.14,PointerStruggler
user_96,cpp,cpp.MemoryLeaks,20,0.19,PointerStruggler
user_96,java,java.StaticMethods,8,0.58,PointerStruggler
user_97,java,java.NullPointerException,26,0.13,JavaNewbie
user_97,java,java.TypeMismatch,22,0.15,JavaNewbie
user_97,python,python.ValueError,7,0.60,JavaNewbie
user_98,python,python.ListComprehension,37,0.96,Pythonista
user_98,python,python.NameError,4,0.78,Pythonista
user_98,cpp,cpp.InfiniteLoop,13,0.44,Pythonista
user_99,cpp,cpp.InfiniteLoop,21,0.17,LogicLooper
user_99,python,python.OffByOne,19,0.21,LogicLooper
user_99,java,java.ArrayIndexOutOfBounds,17,0.25,LogicLooper
user_100,cpp,cpp.PointerErrors,2,0.94,PolyglotPro
user_100,python,python.AsyncAwait,2,0.92,PolyglotPro
user_100,java,java.ArrayIndexOutOfBounds,1,0.97,PolyglotPro
user_101,cpp,cpp.PointerErrors,20,0.19,PointerStruggler
user_101,cpp,cpp.MemoryLeaks,18,0.22,PointerStruggler
user_101,java,java.NullPointerException,5,0.71,PointerStruggler
user_102,java,java.NullPointerException,26,0.12,JavaNewbie
user_102,java,java.TypeMismatch,19,0.20,JavaNewbie
user_102,python,python.IndentationError,6,0.68,JavaNewbie
user_103,python,python.ListComprehension,33,0.92,Pythonista
user_103,python,python.AsyncAwait,4,0.84,Pythonista
user_103,cpp,cpp.PointerErrors,23,0.14,Pythonista
user_104,cpp,cpp.InfiniteLoop,17,0.26,LogicLooper
user_104,python,python.OffByOne,15,0.30,LogicLooper
user_104,java,java.ArrayIndexOutOfBounds,14,0.31,LogicLooper
user_105,cpp,cpp.PointerErrors,1,0.98,PolyglotPro
user_105,java,java.NullPointerException,2,0.95,PolyglotPro
user_105,python,python.AsyncAwait,1,0.97,PolyglotPro
user_106,cpp,cpp.PointerErrors,24,0.13,PointerStruggler
user_106,cpp,cpp.MemoryLeaks,21,0.17,PointerStruggler
user_106,cpp,cpp.OffByOne,7,0.61,PointerStruggler
user_107,java,java.NullPointerException,28,0.10,JavaNewbie
user_107,java,java.StaticMethods,16,0.27,JavaNewbie
user_107,python,python.TypeError,4,0.79,JavaNewbie
user_108,python,python.ListComprehension,35,0.94,Pythonista
user_108,python,python.NameError,6,0.72,Pythonista
user_108,java,java.NullPointerException,3,0.86,Pythonista
user_109,cpp,cpp.InfiniteLoop,19,0.22,LogicLooper
user_109,python,python.OffByOne,18,0.23,LogicLooper
user_109,java,java.ArrayIndexOutOfBounds,16,0.27,LogicLooper
user_110,cpp,cpp.PointerErrors,2,0.96,PolyglotPro
user_110,python,python.AsyncAwait,2,0.93,PolyglotPro
user_110,java,java.NullPointerException,1,0.98,PolyglotPro
user_111,cpp,cpp.PointerErrors,19,0.20,PointerStruggler
user_111,cpp,cpp.MemoryLeaks,15,0.25,PointerStruggler
user_111,python,python.IndentationError,5,0.73,PointerStruggler
user_112,java,java.NullPointerException,25,0.14,JavaNewbie
user_112,java,java.TypeMismatch,17,0.23,JavaNewbie
user_112,cpp,cpp.InfiniteLoop,9,0.54,JavaNewbie
user_113,python,python.ListComprehension,32,0.91,Pythonista
user_113,python,python.AsyncAwait,3,0.87,Pythonista
user_113,cpp,cpp.MemoryLeaks,21,0.16,Pythonista
user_114,cpp,cpp.InfiniteLoop,16,0.27,LogicLooper
user_114,python,python.OffByOne,14,0.32,LogicLooper
user_114,java,java.ArrayIndexOutOfBounds,13,0.34,LogicLooper
user_115,java,java.NullPointerException,1,0.99,PolyglotPro
user_115,cpp,cpp.PointerErrors,3,0.91,PolyglotPro
user_115,python,python.ListComprehension,2,0.95,PolyglotPro
user_116,cpp,cpp.PointerErrors,25,0.11,PointerStruggler
user_116,cpp,cpp.MemoryLeaks,22,0.15,PointerStruggler
user_116,java,java.ArrayIndexOutOfBounds,6,0.67,PointerStruggler
user_117,java,java.NullPointerException,29,0.09,JavaNewbie
user_117,java,java.StaticMethods,18,0.24,JavaNewbie
user_117,python,python.ValueError,7,0.64,JavaNewbie
user_118,python,python.ListComprehension,36,0.95,Pythonista
user_118,python,python.NameError,5,0.75,Pythonista
user_118,cpp,cpp.OffByOne,10,0.57,Pythonista
user_119,cpp,cpp.InfiniteLoop,20,0.19,LogicLooper
user_119,python,python.OffByOne,19,0.20,LogicLooper
user_119,java,java.ArrayIndexOutOfBounds,17,0.26,LogicLooper
user_120,python,python.AsyncAwait,2,0.94,PolyglotPro
user_120,java,java.NullPointerException,1,0.97,PolyglotPro
user_120,cpp,cpp.MemoryLeaks,1,0.98,PolyglotPro
user_121,cpp,cpp.PointerErrors,21,0.18,PointerStruggler
user_121,cpp,cpp.MemoryLeaks,19,0.21,PointerStruggler
user_121,python,python.SyntaxError,6,0.69,PointerStruggler
user_122,java,java.NullPointerException,27,0.11,JavaNewbie
user_122,java,java.TypeMismatch,20,0.18,JavaNewbie
user_122,cpp,cpp.PointerErrors,11,0.43,JavaNewbie
user_123,python,python.ListComprehension,34,0.93,Pythonista
user_123,python,python.AsyncAwait,5,0.82,Pythonista
user_123,java,java.TypeMismatch,8,0.71,Pythonista
user_124,cpp,cpp.InfiniteLoop,18,0.25,LogicLooper
user_124,python,python.OffByOne,16,0.28,LogicLooper
user_124,java,java.ArrayIndexOutOfBounds,15,0.29,LogicLooper
user_125,cpp,cpp.PointerErrors,2,0.95,PolyglotPro
user_125,java,java.NullPointerException,2,0.94,PolyglotPro
user_125,python,python.NameError,1,0.96,PolyglotPro
user_126,cpp,cpp.PointerErrors,23,0.14,PointerStruggler
user_126,cpp,cpp.MemoryLeaks,18,0.22,PointerStruggler
user_126,java,java.NullPointerException,7,0.59,PointerStruggler
user_127,java,java.NullPointerException,30,0.08,JavaNewbie
user_127,java,java.StaticMethods,17,0.25,JavaNewbie
user_127,python,python.IndentationError,5,0.76,JavaNewbie
user_128,python,python.ListComprehension,37,0.96,Pythonista
user_128,python,python.NameError,7,0.70,Pythonista
user_128,cpp,cpp.InfiniteLoop,12,0.47,Pythonista
user_129,cpp,cpp.InfiniteLoop,21,0.17,LogicLooper
user_129,python,python.OffByOne,19,0.21,LogicLooper
user_129,java,java.ArrayIndexOutOfBounds,18,0.25,LogicLooper
user_130,java,java.NullPointerException,1,0.99,PolyglotPro
user_130,python,python.AsyncAwait,3,0.90,PolyglotPro
user_130,cpp,cpp.OffByOne,2,0.93,PolyglotPro
user_131,cpp,cpp.PointerErrors,20,0.19,PointerStruggler
user_131,cpp,cpp.MemoryLeaks,16,0.24,PointerStruggler
user_131,python,python.TypeError,5,0.72,PointerStruggler
user_132,java,java.NullPointerException,26,0.12,JavaNewbie
user_132,java,java.TypeMismatch,21,0.17,JavaNewbie
user_132,cpp,cpp.MemoryLeaks,9,0.46,JavaNewbie
user_133,python,python.ListComprehension,35,0.94,Pythonista
user_133,python,python.AsyncAwait,2,0.89,Pythonista
user_133,java,java.ArrayIndexOutOfBounds,4,0.83,Pythonista
user_134,cpp,cpp.InfiniteLoop,17,0.26,LogicLooper
user_134,python,python.OffByOne,15,0.31,LogicLooper
user_134,java,java.ArrayIndexOutOfBounds,14,0.32,LogicLooper
user_135,cpp,cpp.PointerErrors,1,0.97,PolyglotPro
user_135,python,python.ListComprehension,1,0.98,PolyglotPro
user_135,java,java.StaticMethods,1,0.99,PolyglotPro
user_136,cpp,cpp.PointerErrors,24,0.13,PointerStruggler
user_136,cpp,cpp.MemoryLeaks,20,0.18,PointerStruggler
user_136,java,java.TypeMismatch,8,0.64,PointerStruggler
user_137,java,java.NullPointerException,31,0.07,JavaNewbie
user_137,java,java.StaticMethods,19,0.22,JavaNewbie
user_137,python,python.NameError,6,0.68,JavaNewbie
user_138,python,python.ListComprehension,38,0.97,Pythonista
user_138,python,python.NameError,6,0.73,Pythonista
user_138,cpp,cpp.PointerErrors,25,0.11,Pythonista
user_139,cpp,cpp.InfiniteLoop,22,0.15,LogicLooper
user_139,python,python.OffByOne,20,0.18,LogicLooper
user_139,java,java.ArrayIndexOutOfBounds,19,0.23,LogicLooper
user_140,python,python.AsyncAwait,1,0.96,PolyglotPro
user_140,java,java.NullPointerException,2,0.94,PolyglotPro
user_140,cpp,cpp.InfiniteLoop,1,0.97,PolyglotPro
user_141,cpp,cpp.PointerErrors,22,0.16,PointerStruggler
user_141,cpp,cpp.MemoryLeaks,17,0.23,PointerStruggler
user_141,python,python.IndentationError,7,0.61,PointerStruggler
user_142,java,java.NullPointerException,28,0.10,JavaNewbie
user_142,java,java.TypeMismatch,18,0.21,JavaNewbie
user_142,cpp,cpp.OffByOne,10,0.51,JavaNewbie
user_143,python,python.ListComprehension,33,0.92,Pythonista
user_143,python,python.AsyncAwait,4,0.85,Pythonista
user_143,java,java.NullPointerException,5,0.79,Pythonista
user_144,cpp,cpp.InfiniteLoop,19,0.21,LogicLooper
user_144,python,python.OffByOne,17,0.24,LogicLooper
user_144,java,java.ArrayIndexOutOfBounds,16,0.28,LogicLooper
user_145,java,java.NullPointerException,1,0.98,PolyglotPro
user_145,cpp,cpp.MemoryLeaks,2,0.92,PolyglotPro
user_145,python,python.OffByOne,2,0.95,PolyglotPro
user_146,cpp,cpp.PointerErrors,25,0.12,PointerStruggler
user_146,cpp,cpp.MemoryLeaks,21,0.17,PointerStruggler
user_146,java,java.StaticMethods,9,0.57,PointerStruggler
user_147,java,java.NullPointerException,27,0.11,JavaNewbie
user_147,java,java.TypeMismatch,22,0.15,JavaNewbie
user_147,python,python.ValueError,8,0.59,JavaNewbie
user_148,python,python.ListComprehension,36,0.95,Pythonista
user_148,python,python.NameError,5,0.74,Pythonista
user_148,cpp,cpp.InfiniteLoop,14,0.43,Pythonista
user_149,cpp,cpp.InfiniteLoop,20,0.18,LogicLooper
user_149,python,python.OffByOne,18,0.22,LogicLooper
user_149,java,java.ArrayIndexOutOfBounds,17,0.26,LogicLooper
user_150,cpp,cpp.PointerErrors,2,0.94,PolyglotPro
user_150,python,python.AsyncAwait,2,0.91,PolyglotPro
user_150,java,java.ArrayIndexOutOfBounds,1,0.96,PolyglotPro
user_151,cpp,cpp.PointerErrors,18,0.21,PointerStruggler
user_151,cpp,cpp.MemoryLeaks,14,0.27,PointerStruggler
user_151,java,java.NullPointerException,4,0.74,PointerStruggler
user_152,java,java.NullPointerException,24,0.15,JavaNewbie
user_152,java,java.TypeMismatch,16,0.25,JavaNewbie
user_152,python,python.IndentationError,5,0.72,JavaNewbie
user_153,python,python.ListComprehension,31,0.90,Pythonista
user_153,python,python.AsyncAwait,3,0.88,Pythonista
user_153,cpp,cpp.PointerErrors,22,0.15,Pythonista
user_154,cpp,cpp.InfiniteLoop,15,0.29,LogicLooper
user_154,python,python.OffByOne,13,0.33,LogicLooper
user_154,java,java.ArrayIndexOutOfBounds,12,0.36,LogicLooper
user_155,cpp,cpp.PointerErrors,3,0.90,PolyglotPro
user_155,java,java.NullPointerException,1,0.96,PolyglotPro
user_155,python,python.AsyncAwait,2,0.92,PolyglotPro
user_156,cpp,cpp.PointerErrors,26,0.10,PointerStruggler
user_156,cpp,cpp.MemoryLeaks,23,0.14,PointerStruggler
user_156,cpp,cpp.OffByOne,8,0.58,PointerStruggler
user_157,java,java.NullPointerException,32,0.06,JavaNewbie
user_157,java,java.StaticMethods,20,0.21,JavaNewbie
user_157,python,python.TypeError,5,0.78,JavaNewbie
user_158,python,python.ListComprehension,39,0.98,Pythonista
user_158,python,python.NameError,8,0.66,Pythonista
user_158,java,java.NullPointerException,4,0.82,Pythonista
user_159,cpp,cpp.InfiniteLoop,23,0.14,LogicLooper
user_159,python,python.OffByOne,21,0.16,LogicLooper
user_159,java,java.ArrayIndexOutOfBounds,20,0.22,LogicLooper
user_160,cpp,cpp.PointerErrors,1,0.99,PolyglotPro
user_160,python,python.AsyncAwait,1,0.98,PolyglotPro
user_160,java,java.NullPointerException,3,0.91,PolyglotPro
user_161,cpp,cpp.PointerErrors,17,0.22,PointerStruggler
user_161,cpp,cpp.MemoryLeaks,13,0.28,PointerStruggler
user_161,python,python.IndentationError,4,0.76,PointerStruggler
user_162,java,java.NullPointerException,25,0.13,JavaNewbie
user_162,java,java.TypeMismatch,15,0.26,JavaNewbie
user_162,cpp,cpp.InfiniteLoop,8,0.56,JavaNewbie
user_163,python,python.ListComprehension,30,0.89,Pythonista
user_163,python,python.AsyncAwait,2,0.86,Pythonista
user_163,cpp,cpp.MemoryLeaks,20,0.17,Pythonista
user_164,cpp,cpp.InfiniteLoop,14,0.30,LogicLooper
user_164,python,python.OffByOne,12,0.35,LogicLooper
user_164,java,java.ArrayIndexOutOfBounds,11,0.38,LogicLooper
user_165,java,java.NullPointerException,2,0.93,PolyglotPro
user_165,cpp,cpp.PointerErrors,4,0.88,PolyglotPro
user_165,python,python.ListComprehension,3,0.89,PolyglotPro
user_166,cpp,cpp.PointerErrors,27,0.09,PointerStruggler
user_166,cpp,cpp.MemoryLeaks,24,0.13,PointerStruggler
user_166,java,java.ArrayIndexOutOfBounds,7,0.63,PointerStruggler
user_167,java,java.NullPointerException,33,0.05,JavaNewbie
user_167,java,java.StaticMethods,21,0.20,JavaNewbie
user_167,python,python.ValueError,9,0.58,JavaNewbie
user_168,python,python.ListComprehension,40,0.99,Pythonista
user_168,python,python.NameError,9,0.64,Pythonista
user_168,cpp,cpp.OffByOne,11,0.55,Pythonista
user_169,cpp,cpp.InfiniteLoop,24,0.13,LogicLooper
user_169,python,python.OffByOne,22,0.15,LogicLooper
user_169,java,java.ArrayIndexOutOfBounds,21,0.21,LogicLooper
user_170,python,python.AsyncAwait,3,0.89,PolyglotPro
user_170,java,java.NullPointerException,1,0.95,PolyglotPro
user_170,cpp,cpp.MemoryLeaks,2,0.90,PolyglotPro
user_171,cpp,cpp.PointerErrors,19,0.20,PointerStruggler
user_171,cpp,cpp.MemoryLeaks,15,0.25,PointerStruggler
user_171,python,python.SyntaxError,5,0.71,PointerStruggler
user_172,java,java.NullPointerException,26,0.12,JavaNewbie
user_172,java,java.TypeMismatch,19,0.20,JavaNewbie
user_172,cpp,cpp.PointerErrors,10,0.44,JavaNewbie
user_173,python,python.ListComprehension,34,0.93,Pythonista
user_173,python,python.AsyncAwait,4,0.83,Pythonista
user_173,java,java.TypeMismatch,7,0.70,Pythonista
user_174,cpp,cpp.InfiniteLoop,18,0.25,LogicLooper
user_174,python,python.OffByOne,16,0.28,LogicLooper
user_174,java,java.ArrayIndexOutOfBounds,15,0.30,LogicLooper
user_175,cpp,cpp.PointerErrors,2,0.95,PolyglotPro
user_175,java,java.NullPointerException,2,0.92,PolyglotPro
user_175,python,python.NameError,2,0.91,PolyglotPro
user_176,cpp,cpp.PointerErrors,22,0.15,PointerStruggler
user_176,cpp,cpp.MemoryLeaks,19,0.20,PointerStruggler
user_176,java,java.NullPointerException,6,0.62,PointerStruggler
user_177,java,java.NullPointerException,29,0.09,JavaNewbie
user_177,java,java.StaticMethods,16,0.27,JavaNewbie
user_177,python,python.IndentationError,4,0.80,JavaNewbie
user_178,python,python.ListComprehension,35,0.94,Pythonista
user_178,python,python.NameError,6,0.71,Pythonista
user_178,cpp,cpp.InfiniteLoop,13,0.46,Pythonista
user_179,cpp,cpp.InfiniteLoop,20,0.19,LogicLooper
user_179,python,python.OffByOne,18,0.22,LogicLooper
user_179,java,java.ArrayIndexOutOfBounds,17,0.26,LogicLooper
user_180,java,java.NullPointerException,1,0.97,PolyglotPro
user_180,python,python.AsyncAwait,2,0.93,PolyglotPro
user_180,cpp,cpp.OffByOne,1,0.96,PolyglotPro
user_181,cpp,cpp.PointerErrors,18,0.21,PointerStruggler
user_181,cpp,cpp.MemoryLeaks,14,0.26,PointerStruggler
user_181,python,python.TypeError,4,0.75,PointerStruggler
user_182,java,java.NullPointerException,24,0.15,JavaNewbie
user_182,java,java.TypeMismatch,16,0.24,JavaNewbie
user_182,cpp,cpp.MemoryLeaks,7,0.49,JavaNewbie
user_183,python,python.ListComprehension,32,0.91,Pythonista
user_183,python,python.AsyncAwait,3,0.87,Pythonista
user_183,java,java.ArrayIndexOutOfBounds,5,0.81,Pythonista
user_184,cpp,cpp.InfiniteLoop,16,0.27,LogicLooper
user_184,python,python.OffByOne,14,0.31,LogicLooper
user_184,java,java.ArrayIndexOutOfBounds,13,0.33,LogicLooper
user_185,cpp,cpp.PointerErrors,1,0.96,PolyglotPro
user_185,python,python.ListComprehension,2,0.94,PolyglotPro
user_185,java,java.StaticMethods,2,0.92,PolyglotPro
user_186,cpp,cpp.PointerErrors,23,0.14,PointerStruggler
user_186,cpp,cpp.MemoryLeaks,20,0.18,PointerStruggler
user_186,java,java.TypeMismatch,9,0.61,PointerStruggler
user_187,java,java.NullPointerException,30,0.08,JavaNewbie
user_187,java,java.StaticMethods,18,0.23,JavaNewbie
user_187,python,python.NameError,7,0.67,JavaNewbie
user_188,python,python.ListComprehension,36,0.95,Pythonista
user_188,python,python.NameError,5,0.75,Pythonista
user_188,cpp,cpp.PointerErrors,24,0.12,Pythonista
user_189,cpp,cpp.InfiniteLoop,21,0.17,LogicLooper
user_189,python,python.OffByOne,19,0.20,LogicLooper
user_189,java,java.ArrayIndexOutOfBounds,18,0.24,LogicLooper
user_190,python,python.AsyncAwait,1,0.95,PolyglotPro
user_190,java,java.NullPointerException,2,0.93,PolyglotPro
user_190,cpp,cpp.InfiniteLoop,2,0.91,PolyglotPro
user_191,cpp,cpp.PointerErrors,20,0.19,PointerStruggler
user_191,cpp,cpp.MemoryLeaks,16,0.24,PointerStruggler
user_191,python,python.IndentationError,6,0.65,PointerStruggler
user_192,java,java.NullPointerException,27,0.11,JavaNewbie
user_192,java,java.TypeMismatch,20,0.19,JavaNewbie
user_192,cpp,cpp.OffByOne,8,0.53,JavaNewbie
user_193,python,python.ListComprehension,33,0.92,Pythonista
user_193,python,python.AsyncAwait,4,0.84,Pythonista
user_193,java,java.NullPointerException,4,0.78,Pythonista
user_194,cpp,cpp.InfiniteLoop,19,0.21,LogicLooper
user_194,python,python.OffByOne,17,0.24,LogicLooper
user_194,java,java.ArrayIndexOutOfBounds,16,0.28,LogicLooper
user_195,java,java.NullPointerException,1,0.98,PolyglotPro
user_195,cpp,cpp.MemoryLeaks,3,0.89,PolyglotPro
user_195,python,python.OffByOne,3,0.88,PolyglotPro
user_196,cpp,cpp.PointerErrors,24,0.13,PointerStruggler
user_196,cpp,cpp.MemoryLeaks,21,0.17,PointerStruggler
user_196,java,java.StaticMethods,10,0.56,PointerStruggler
user_197,java,java.NullPointerException,28,0.10,JavaNewbie
user_197,java,java.TypeMismatch,21,0.16,JavaNewbie
user_197,python,python.ValueError,8,0.62,JavaNewbie
user_198,python,python.ListComprehension,37,0.96,Pythonista
user_198,python,python.NameError,4,0.77,Pythonista
user_198,cpp,cpp.InfiniteLoop,15,0.42,Pythonista
user_199,cpp,cpp.InfiniteLoop,22,0.16,LogicLooper
user_199,python,python.OffByOne,20,0.18,LogicLooper
user_199,java,java.ArrayIndexOutOfBounds,19,0.23,LogicLooper
user_200,cpp,cpp.PointerErrors,2,0.93,PolyglotPro
user_200,python,python.AsyncAwait,2,0.90,PolyglotPro
user_200,java,java.ArrayIndexOutOfBounds,2,0.89,PolyglotPro
user_201,cpp,cpp.PointerErrors,19,0.20,PointerStruggler
user_201,cpp,cpp.MemoryLeaks,17,0.22,PointerStruggler
user_201,java,java.ArrayIndexOutOfBounds,6,0.63,PointerStruggler
user_202,java,java.NullPointerException,25,0.14,JavaNewbie
user_202,java,java.TypeMismatch,18,0.21,JavaNewbie
user_202,python,python.NameError,5,0.69,JavaNewbie
user_203,python,python.ListComprehension,34,0.93,Pythonista
user_203,python,python.AsyncAwait,3,0.86,Pythonista
user_203,cpp,cpp.OffByOne,8,0.57,Pythonista
user_204,cpp,cpp.InfiniteLoop,16,0.27,LogicLooper
user_204,python,python.OffByOne,14,0.31,LogicLooper
user_204,java,java.ArrayIndexOutOfBounds,12,0.35,LogicLooper
user_205,cpp,cpp.PointerErrors,1,0.97,PolyglotPro
user_205,java,java.NullPointerException,2,0.94,PolyglotPro
user_205,python,python.ListComprehension,1,0.98,PolyglotPro
user_206,cpp,cpp.PointerErrors,23,0.14,PointerStruggler
user_206,cpp,cpp.MemoryLeaks,20,0.18,PointerStruggler
user_206,python,python.IndentationError,4,0.74,PointerStruggler
user_207,java,java.NullPointerException,29,0.09,JavaNewbie
user_207,java,java.StaticMethods,15,0.28,JavaNewbie
user_207,cpp,cpp.InfiniteLoop,7,0.52,JavaNewbie
user_208,python,python.ListComprehension,36,0.95,Pythonista
user_208,python,python.NameError,5,0.73,Pythonista
user_208,java,java.TypeMismatch,6,0.72,Pythonista
user_209,cpp,cpp.InfiniteLoop,18,0.24,LogicLooper
user_209,python,python.OffByOne,16,0.27,LogicLooper
user_209,java,java.ArrayIndexOutOfBounds,14,0.32,LogicLooper
user_210,cpp,cpp.PointerErrors,2,0.95,PolyglotPro
user_210,python,python.AsyncAwait,1,0.96,PolyglotPro
user_210,java,java.ArrayIndexOutOfBounds,1,0.97,PolyglotPro
user_211,cpp,cpp.PointerErrors,20,0.19,PointerStruggler
user_211,cpp,cpp.MemoryLeaks,16,0.24,PointerStruggler
user_211,java,java.NullPointerException,5,0.70,PointerStruggler
user_212,java,java.NullPointerException,26,0.12,JavaNewbie
user_212,java,java.TypeMismatch,19,0.20,JavaNewbie
user_212,python,python.ValueError,4,0.78,JavaNewbie
user_213,python,python.ListComprehension,33,0.92,Pythonista
user_213,python,python.AsyncAwait,4,0.83,Pythonista
user_213,cpp,cpp.MemoryLeaks,22,0.15,Pythonista
user_214,cpp,cpp.InfiniteLoop,17,0.25,LogicLooper
user_214,python,python.OffByOne,15,0.29,LogicLooper
user_214,java,java.ArrayIndexOutOfBounds,13,0.34,LogicLooper
user_215,java,java.NullPointerException,1,0.99,PolyglotPro
user_215,cpp,cpp.PointerErrors,3,0.91,PolyglotPro
user_215,python,python.OffByOne,2,0.93,PolyglotPro
user_216,cpp,cpp.PointerErrors,24,0.13,PointerStruggler
user_216,cpp,cpp.MemoryLeaks,21,0.17,PointerStruggler
user_216,python,python.SyntaxError,5,0.68,PointerStruggler
user_217,java,java.NullPointerException,30,0.08,JavaNewbie
user_217,java,java.StaticMethods,17,0.25,JavaNewbie
user_217,cpp,cpp.PointerErrors,11,0.42,JavaNewbie
user_218,python,python.ListComprehension,37,0.96,Pythonista
user_218,python,python.NameError,6,0.70,Pythonista
user_218,java,java.NullPointerException,3,0.84,Pythonista
user_219,cpp,cpp.InfiniteLoop,19,0.21,LogicLooper
user_219,python,python.OffByOne,17,0.24,LogicLooper
user_219,java,java.ArrayIndexOutOfBounds,15,0.30,LogicLooper
user_220,python,python.AsyncAwait,2,0.92,PolyglotPro
user_220,java,java.NullPointerException,1,0.98,PolyglotPro
user_220,cpp,cpp.InfiniteLoop,1,0.97,PolyglotPro
user_221,cpp,cpp.PointerErrors,21,0.18,PointerStruggler
user_221,cpp,cpp.MemoryLeaks,18,0.21,PointerStruggler
user_221,java,java.ArrayIndexOutOfBounds,7,0.61,PointerStruggler
user_222,java,java.NullPointerException,27,0.11,JavaNewbie
user_222,java,java.TypeMismatch,20,0.18,JavaNewbie
user_222,python,python.IndentationError,6,0.67,JavaNewbie
user_223,python,python.ListComprehension,35,0.94,Pythonista
user_223,python,python.AsyncAwait,3,0.87,Pythonista
user_223,cpp,cpp.OffByOne,9,0.56,Pythonista
user_224,cpp,cpp.InfiniteLoop,20,0.19,LogicLooper
user_224,python,python.OffByOne,18,0.22,LogicLooper
user_224,java,java.ArrayIndexOutOfBounds,16,0.27,LogicLooper
user_225,cpp,cpp.PointerErrors,2,0.94,PolyglotPro
user_225,java,java.NullPointerException,2,0.93,PolyglotPro
user_225,python,python.NameError,1,0.95,PolyglotPro
user_226,cpp,cpp.PointerErrors,25,0.12,PointerStruggler
user_226,cpp,cpp.MemoryLeaks,22,0.16,PointerStruggler
user_226,python,python.TypeError,4,0.73,PointerStruggler
user_227,java,java.NullPointerException,31,0.07,JavaNewbie
user_227,java,java.StaticMethods,18,0.23,JavaNewbie
user_227,cpp,cpp.MemoryLeaks,8,0.48,JavaNewbie
user_228,python,python.ListComprehension,38,0.97,Pythonista
user_228,python,python.NameError,7,0.69,Pythonista
user_228,java,java.TypeMismatch,5,0.76,Pythonista
user_229,cpp,cpp.InfiniteLoop,21,0.17,LogicLooper
user_229,python,python.OffByOne,19,0.20,LogicLooper
user_229,java,java.ArrayIndexOutOfBounds,17,0.25,LogicLooper
user_230,java,java.NullPointerException,1,0.96,PolyglotPro
user_230,python,python.AsyncAwait,3,0.89,PolyglotPro
user_230,cpp,cpp.PointerErrors,2,0.92,PolyglotPro
user_231,cpp,cpp.PointerErrors,19,0.20,PointerStruggler
user_231,cpp,cpp.MemoryLeaks,15,0.25,PointerStruggler
user_231,java,java.NullPointerException,6,0.64,PointerStruggler
user_232,java,java.NullPointerException,28,0.10,JavaNewbie
user_232,java,java.TypeMismatch,21,0.17,JavaNewbie
user_232,python,python.NameError,5,0.71,JavaNewbie
user_233,python,python.ListComprehension,34,0.93,Pythonista
user_233,python,python.AsyncAwait,5,0.82,Pythonista
user_233,cpp,cpp.InfiniteLoop,10,0.45,Pythonista
user_234,cpp,cpp.InfiniteLoop,18,0.23,LogicLooper
user_234,python,python.OffByOne,16,0.26,LogicLooper
user_234,java,java.ArrayIndexOutOfBounds,14,0.31,LogicLooper
user_235,cpp,cpp.PointerErrors,1,0.98,PolyglotPro
user_235,python,python.ListComprehension,2,0.94,PolyglotPro
user_235,java,java.StaticMethods,1,0.97,PolyglotPro
user_236,cpp,cpp.PointerErrors,26,0.11,PointerStruggler
user_236,cpp,cpp.MemoryLeaks,23,0.14,PointerStruggler
user_236,python,python.IndentationError,7,0.62,PointerStruggler
user_237,java,java.NullPointerException,32,0.06,JavaNewbie
user_237,java,java.StaticMethods,19,0.22,JavaNewbie
user_237,cpp,cpp.OffByOne,9,0.50,JavaNewbie
user_238,python,python.ListComprehension,39,0.98,Pythonista
user_238,python,python.NameError,8,0.65,Pythonista
user_238,java,java.ArrayIndexOutOfBounds,4,0.80,Pythonista
user_239,cpp,cpp.InfiniteLoop,22,0.16,LogicLooper
user_239,python,python.OffByOne,20,0.18,LogicLooper
user_239,java,java.ArrayIndexOutOfBounds,18,0.24,LogicLooper
user_240,python,python.AsyncAwait,1,0.97,PolyglotPro
user_240,java,java.NullPointerException,2,0.92,PolyglotPro
user_240,cpp,cpp.MemoryLeaks,2,0.91,PolyglotPro
user_241,cpp,cpp.PointerErrors,20,0.19,PointerStruggler
user_241,cpp,cpp.MemoryLeaks,17,0.22,PointerStruggler
user_241,java,java.ArrayIndexOutOfBounds,8,0.59,PointerStruggler
user_242,java,java.NullPointerException,29,0.09,JavaNewbie
user_242,java,java.TypeMismatch,22,0.15,JavaNewbie
user_242,python,python.ValueError,7,0.63,JavaNewbie
user_243,python,python.ListComprehension,36,0.95,Pythonista
user_243,python,python.AsyncAwait,4,0.84,Pythonista
user_243,cpp,cpp.PointerErrors,24,0.13,Pythonista
user_244,cpp,cpp.InfiniteLoop,19,0.21,LogicLooper
user_244,python,python.OffByOne,17,0.24,LogicLooper
user_244,java,java.ArrayIndexOutOfBounds,15,0.29,LogicLooper
user_245,java,java.NullPointerException,1,0.99,PolyglotPro
user_245,cpp,cpp.PointerErrors,3,0.90,PolyglotPro
user_245,python,python.OffByOne,2,0.92,PolyglotPro
user_246,cpp,cpp.PointerErrors,27,0.10,PointerStruggler
user_246,cpp,cpp.MemoryLeaks,24,0.13,PointerStruggler
user_246,python,python.SyntaxError,6,0.66,PointerStruggler
user_247,java,java.NullPointerException,33,0.05,JavaNewbie
user_247,java,java.StaticMethods,20,0.21,JavaNewbie
user_247,cpp,cpp.InfiniteLoop,10,0.44,JavaNewbie
user_248,python,python.ListComprehension,40,0.99,Pythonista
user_248,python,python.NameError,9,0.64,Pythonista
user_248,java,java.NullPointerException,5,0.77,Pythonista
user_249,cpp,cpp.InfiniteLoop,23,0.14,LogicLooper
user_249,python,python.OffByOne,21,0.16,LogicLooper
user_249,java,java.ArrayIndexOutOfBounds,19,0.22,LogicLooper
user_250,python,python.AsyncAwait,2,0.91,PolyglotPro
user_250,java,java.NullPointerException,1,0.95,PolyglotPro
user_250,cpp,cpp.OffByOne,1,0.96,PolyglotPro
user_251,cpp,cpp.PointerErrors,18,0.21,PointerStruggler
user_251,cpp,cpp.MemoryLeaks,14,0.26,PointerStruggler
user_251,java,java.NullPointerException,7,0.60,PointerStruggler
user_252,java,java.NullPointerException,26,0.12,JavaNewbie
user_252,java,java.TypeMismatch,18,0.21,JavaNewbie
user_252,python,python.IndentationError,6,0.68,JavaNewbie
user_253,python,python.ListComprehension,35,0.94,Pythonista
user_253,python,python.AsyncAwait,3,0.86,Pythonista
user_253,cpp,cpp.MemoryLeaks,21,0.16,Pythonista
user_254,cpp,cpp.InfiniteLoop,17,0.25,LogicLooper
user_254,python,python.OffByOne,15,0.28,LogicLooper
user_254,java,java.ArrayIndexOutOfBounds,13,0.33,LogicLooper
user_255,cpp,cpp.PointerErrors,2,0.93,PolyglotPro
user_255,java,java.NullPointerException,2,0.92,PolyglotPro
user_255,python,python.ListComprehension,1,0.96,PolyglotPro
user_256,cpp,cpp.PointerErrors,22,0.15,PointerStruggler
user_256,cpp,cpp.MemoryLeaks,19,0.20,PointerStruggler
user_256,python,python.TypeError,5,0.70,PointerStruggler
user_257,java,java.NullPointerException,30,0.08,JavaNewbie
user_257,java,java.StaticMethods,16,0.26,JavaNewbie
user_257,cpp,cpp.PointerErrors,12,0.41,JavaNewbie
user_258,python,python.ListComprehension,37,0.96,Pythonista
user_258,python,python.NameError,6,0.71,Pythonista
user_258,java,java.TypeMismatch,7,0.69,Pythonista
user_259,cpp,cpp.InfiniteLoop,20,0.18,LogicLooper
user_259,python,python.OffByOne,18,0.21,LogicLooper
user_259,java,java.ArrayIndexOutOfBounds,16,0.26,LogicLooper
user_260,java,java.NullPointerException,1,0.97,PolyglotPro
user_260,python,python.AsyncAwait,2,0.93,PolyglotPro
user_260,cpp,cpp.InfiniteLoop,2,0.90,PolyglotPro
user_261,cpp,cpp.PointerErrors,19,0.20,PointerStruggler
user_261,cpp,cpp.MemoryLeaks,15,0.24,PointerStruggler
user_261,java,java.ArrayIndexOutOfBounds,9,0.57,PointerStruggler
user_262,java,java.NullPointerException,27,0.11,JavaNewbie
user_262,java,java.TypeMismatch,19,0.19,JavaNewbie
user_262,python,python.NameError,5,0.72,JavaNewbie
user_263,python,python.ListComprehension,34,0.93,Pythonista
user_263,python,python.AsyncAwait,4,0.83,Pythonista
user_263,cpp,cpp.OffByOne,11,0.54,Pythonista
user_264,cpp,cpp.InfiniteLoop,18,0.23,LogicLooper
user_264,python,python.OffByOne,16,0.25,LogicLooper
user_264,java,java.ArrayIndexOutOfBounds,14,0.30,LogicLooper
user_265,cpp,cpp.PointerErrors,1,0.98,PolyglotPro
user_265,python,python.ListComprehension,2,0.95,PolyglotPro
user_265,java,java.StaticMethods,2,0.91,PolyglotPro
user_266,cpp,cpp.PointerErrors,23,0.14,PointerStruggler
user_266,cpp,cpp.MemoryLeaks,20,0.18,PointerStruggler
user_266,python,python.IndentationError,8,0.61,PointerStruggler
user_267,java,java.NullPointerException,31,0.07,JavaNewbie
user_267,java,java.StaticMethods,17,0.24,JavaNewbie
user_267,cpp,cpp.MemoryLeaks,9,0.47,JavaNewbie
user_268,python,python.ListComprehension,38,0.97,Pythonista
user_268,python,python.NameError,7,0.68,Pythonista
user_268,java,java.ArrayIndexOutOfBounds,5,0.79,Pythonista
user_269,cpp,cpp.InfiniteLoop,21,0.17,LogicLooper
user_269,python,python.OffByOne,19,0.19,LogicLooper
user_269,java,java.ArrayIndexOutOfBounds,17,0.24,LogicLooper
user_270,python,python.AsyncAwait,1,0.94,PolyglotPro
user_270,java,java.NullPointerException,2,0.91,PolyglotPro
user_270,cpp,cpp.PointerErrors,2,0.89,PolyglotPro
user_271,cpp,cpp.PointerErrors,20,0.19,PointerStruggler
user_271,cpp,cpp.MemoryLeaks,16,0.23,PointerStruggler
user_271,java,java.NullPointerException,8,0.58,PointerStruggler
user_272,java,java.NullPointerException,28,0.10,JavaNewbie
user_272,java,java.TypeMismatch,20,0.18,JavaNewbie
user_272,python,python.ValueError,6,0.65,JavaNewbie
user_273,python,python.ListComprehension,35,0.94,Pythonista
user_273,python,python.AsyncAwait,3,0.85,Pythonista
user_273,cpp,cpp.InfiniteLoop,12,0.43,Pythonista
user_274,cpp,cpp.InfiniteLoop,19,0.20,LogicLooper
user_274,python,python.OffByOne,17,0.22,LogicLooper
user_274,java,java.ArrayIndexOutOfBounds,15,0.28,LogicLooper
user_275,java,java.NullPointerException,1,0.96,PolyglotPro
user_275,cpp,cpp.PointerErrors,3,0.88,PolyglotPro
user_275,python,python.OffByOne,3,0.87,PolyglotPro
user_276,cpp,cpp.PointerErrors,24,0.13,PointerStruggler
user_276,cpp,cpp.MemoryLeaks,21,0.16,PointerStruggler
user_276,python,python.SyntaxError,7,0.63,PointerStruggler
user_277,java,java.NullPointerException,32,0.06,JavaNewbie
user_277,java,java.StaticMethods,18,0.22,JavaNewbie
user_277,cpp,cpp.OffByOne,10,0.46,JavaNewbie
user_278,python,python.ListComprehension,39,0.98,Pythonista
user_278,python,python.NameError,8,0.66,Pythonista
user_278,java,java.NullPointerException,4,0.81,Pythonista
user_279,cpp,cpp.InfiniteLoop,22,0.15,LogicLooper
user_279,python,python.OffByOne,20,0.17,LogicLooper
user_279,java,java.ArrayIndexOutOfBounds,18,0.23,LogicLooper
user_280,python,python.AsyncAwait,2,0.90,PolyglotPro
user_280,java,java.NullPointerException,1,0.94,PolyglotPro
user_280,cpp,cpp.MemoryLeaks,1,0.95,PolyglotPro
user_281,cpp,cpp.PointerErrors,21,0.18,PointerStruggler
user_281,cpp,cpp.MemoryLeaks,17,0.21,PointerStruggler
user_281,java,java.ArrayIndexOutOfBounds,10,0.55,PointerStruggler
user_282,java,java.NullPointerException,29,0.09,JavaNewbie
user_282,java,java.TypeMismatch,21,0.16,JavaNewbie
user_282,python,python.IndentationError,7,0.64,JavaNewbie
user_283,python,python.ListComprehension,36,0.95,Pythonista
user_283,python,python.AsyncAwait,4,0.82,Pythonista
user_283,cpp,cpp.PointerErrors,25,0.12,Pythonista
user_284,cpp,cpp.InfiniteLoop,20,0.18,LogicLooper
user_284,python,python.OffByOne,18,0.20,LogicLooper
user_284,java,java.ArrayIndexOutOfBounds,16,0.25,LogicLooper
user_285,cpp,cpp.PointerErrors,2,0.92,PolyglotPro
user_285,java,java.NullPointerException,2,0.90,PolyglotPro
user_285,python,python.NameError,2,0.88,PolyglotPro
user_286,cpp,cpp.PointerErrors,25,0.12,PointerStruggler
user_286,cpp,cpp.MemoryLeaks,22,0.15,PointerStruggler
user_286,python,python.TypeError,6,0.67,PointerStruggler
user_287,java,java.NullPointerException,33,0.05,JavaNewbie
user_287,java,java.StaticMethods,19,0.20,JavaNewbie
user_287,cpp,cpp.InfiniteLoop,11,0.43,JavaNewbie
user_288,python,python.ListComprehension,40,0.99,Pythonista
user_288,python,python.NameError,9,0.63,Pythonista
user_288,java,java.TypeMismatch,6,0.74,Pythonista
user_289,cpp,cpp.InfiniteLoop,23,0.14,LogicLooper
user_289,python,python.OffByOne,21,0.15,LogicLooper
user_289,java,java.ArrayIndexOutOfBounds,19,0.21,LogicLooper
user_290,java,java.NullPointerException,1,0.95,PolyglotPro
user_290,python,python.AsyncAwait,3,0.86,PolyglotPro
user_290,cpp,cpp.OffByOne,2,0.89,PolyglotPro
user_291,cpp,cpp.PointerErrors,19,0.20,PointerStruggler
user_291,cpp,cpp.MemoryLeaks,15,0.24,PointerStruggler
user_291,java,java.NullPointerException,9,0.56,PointerStruggler
user_292,java,java.NullPointerException,30,0.08,JavaNewbie
user_292,java,java.TypeMismatch,22,0.15,JavaNewbie
user_292,python,python.NameError,6,0.66,JavaNewbie
user_293,python,python.ListComprehension,37,0.96,Pythonista
user_293,python,python.AsyncAwait,5,0.81,Pythonista
user_293,cpp,cpp.MemoryLeaks,23,0.14,Pythonista
user_294,cpp,cpp.InfiniteLoop,19,0.20,LogicLooper
user_294,python,python.OffByOne,17,0.22,LogicLooper
user_294,java,java.ArrayIndexOutOfBounds,15,0.27,LogicLooper
user_295,cpp,cpp.PointerErrors,1,0.97,PolyglotPro
user_295,python,python.ListComprehension,2,0.93,PolyglotPro
user_295,java,java.StaticMethods,2,0.90,PolyglotPro
user_296,cpp,cpp.PointerErrors,26,0.11,PointerStruggler
user_296,cpp,cpp.MemoryLeaks,23,0.14,PointerStruggler
user_296,python,python.IndentationError,9,0.59,PointerStruggler
user_297,java,java.NullPointerException,34,0.04,JavaNewbie
user_297,java,java.StaticMethods,20,0.19,JavaNewbie
user_297,cpp,cpp.PointerErrors,13,0.40,JavaNewbie
user_298,python,python.ListComprehension,41,1.00,Pythonista
user_298,python,python.NameError,10,0.60,Pythonista
user_298,java,java.ArrayIndexOutOfBounds,6,0.75,Pythonista
user_299,cpp,cpp.InfiniteLoop,24,0.13,LogicLooper
user_299,python,python.OffByOne,22,0.14,LogicLooper
user_299,java,java.ArrayIndexOutOfBounds,20,0.20,LogicLooper
user_300,python,python.AsyncAwait,1,0.93,PolyglotPro
user_300,java,java.NullPointerException,2,0.89,PolyglotPro
user_300,cpp,cpp.InfiniteLoop,2,0.88,PolyglotPro
user_301,cpp,cpp.PointerErrors,17,0.22,PointerStruggler
user_301,cpp,cpp.MemoryLeaks,13,0.28,PointerStruggler
user_301,java,java.ArrayIndexOutOfBounds,8,0.58,PointerStruggler
user_302,java,java.NullPointerException,24,0.15,JavaNewbie
user_302,java,java.TypeMismatch,16,0.24,JavaNewbie
user_302,python,python.ValueError,5,0.70,JavaNewbie
user_303,python,python.ListComprehension,32,0.91,Pythonista
user_303,python,python.AsyncAwait,2,0.88,Pythonista
user_303,cpp,cpp.OffByOne,7,0.55,Pythonista
user_304,cpp,cpp.InfiniteLoop,15,0.29,LogicLooper
user_304,python,python.OffByOne,13,0.32,LogicLooper
user_304,java,java.ArrayIndexOutOfBounds,11,0.37,LogicLooper
user_305,cpp,cpp.PointerErrors,3,0.89,PolyglotPro
user_305,java,java.NullPointerException,1,0.96,PolyglotPro
user_305,python,python.AsyncAwait,2,0.92,PolyglotPro
user_306,cpp,cpp.PointerErrors,21,0.18,PointerStruggler
user_306,cpp,cpp.MemoryLeaks,18,0.21,PointerStruggler
user_306,python,python.SyntaxError,4,0.75,PointerStruggler
user_307,java,java.NullPointerException,26,0.12,JavaNewbie
user_307,java,java.StaticMethods,14,0.29,JavaNewbie
user_307,cpp,cpp.InfiniteLoop,6,0.53,JavaNewbie
user_308,python,python.ListComprehension,34,0.93,Pythonista
user_308,python,python.NameError,4,0.77,Pythonista
user_308,java,java.TypeMismatch,5,0.73,Pythonista
user_309,cpp,cpp.InfiniteLoop,17,0.25,LogicLooper
user_309,python,python.OffByOne,15,0.28,LogicLooper
user_309,java,java.ArrayIndexOutOfBounds,13,0.32,LogicLooper
user_310,cpp,cpp.PointerErrors,2,0.94,PolyglotPro
user_310,python,python.AsyncAwait,1,0.95,PolyglotPro
user_310,java,java.ArrayIndexOutOfBounds,1,0.96,PolyglotPro
user_311,cpp,cpp.PointerErrors,18,0.21,PointerStruggler
user_311,cpp,cpp.MemoryLeaks,14,0.26,PointerStruggler
user_311,java,java.NullPointerException,7,0.61,PointerStruggler
user_312,java,java.NullPointerException,25,0.13,JavaNewbie
user_312,java,java.TypeMismatch,17,0.23,JavaNewbie
user_312,python,python.NameError,4,0.76,JavaNewbie
user_313,python,python.ListComprehension,33,0.92,Pythonista
user_313,python,python.AsyncAwait,3,0.86,Pythonista
user_313,cpp,cpp.MemoryLeaks,20,0.17,Pythonista
user_314,cpp,cpp.InfiniteLoop,16,0.27,LogicLooper
user_314,python,python.OffByOne,14,0.30,LogicLooper
user_314,java,java.ArrayIndexOutOfBounds,12,0.35,LogicLooper
user_315,java,java.NullPointerException,1,0.98,PolyglotPro
user_315,cpp,cpp.PointerErrors,4,0.87,PolyglotPro
user_315,python,python.OffByOne,3,0.85,PolyglotPro
user_316,cpp,cpp.PointerErrors,22,0.15,PointerStruggler
user_316,cpp,cpp.MemoryLeaks,19,0.20,PointerStruggler
user_316,python,python.IndentationError,5,0.69,PointerStruggler
user_317,java,java.NullPointerException,27,0.11,JavaNewbie
user_317,java,java.StaticMethods,15,0.27,JavaNewbie
user_317,cpp,cpp.PointerErrors,10,0.44,JavaNewbie
user_318,python,python.ListComprehension,35,0.94,Pythonista
user_318,python,python.NameError,5,0.74,Pythonista
user_318,java,java.NullPointerException,2,0.85,Pythonista
user_319,cpp,cpp.InfiniteLoop,18,0.23,LogicLooper
user_319,python,python.OffByOne,16,0.25,LogicLooper
user_319,java,java.ArrayIndexOutOfBounds,14,0.31,LogicLooper
user_320,python,python.AsyncAwait,2,0.91,PolyglotPro
user_320,java,java.NullPointerException,1,0.97,PolyglotPro
user_320,cpp,cpp.InfiniteLoop,1,0.95,PolyglotPro
user_321,cpp,cpp.PointerErrors,19,0.20,PointerStruggler
user_321,cpp,cpp.MemoryLeaks,16,0.23,PointerStruggler
user_321,java,java.ArrayIndexOutOfBounds,9,0.57,PointerStruggler
user_322,java,java.NullPointerException,28,0.10,JavaNewbie
user_322,java,java.TypeMismatch,19,0.20,JavaNewbie
user_322,python,python.IndentationError,6,0.67,JavaNewbie
user_323,python,python.ListComprehension,36,0.95,Pythonista
user_323,python,python.AsyncAwait,3,0.87,Pythonista
user_323,cpp,cpp.OffByOne,8,0.56,Pythonista
user_324,cpp,cpp.InfiniteLoop,19,0.21,LogicLooper
user_324,python,python.OffByOne,17,0.23,LogicLooper
user_324,java,java.ArrayIndexOutOfBounds,15,0.29,LogicLooper
user_325,cpp,cpp.PointerErrors,2,0.93,PolyglotPro
user_325,java,java.NullPointerException,2,0.92,PolyglotPro
user_325,python,python.NameError,1,0.94,PolyglotPro
user_326,cpp,cpp.PointerErrors,23,0.14,PointerStruggler
user_326,cpp,cpp.MemoryLeaks,20,0.18,PointerStruggler
user_326,python,python.TypeError,4,0.72,PointerStruggler
user_327,java,java.NullPointerException,29,0.09,JavaNewbie
user_327,java,java.StaticMethods,16,0.26,JavaNewbie
user_327,cpp,cpp.MemoryLeaks,7,0.49,JavaNewbie
user_328,python,python.ListComprehension,37,0.96,Pythonista
user_328,python,python.NameError,6,0.70,Pythonista
user_328,java,java.TypeMismatch,6,0.71,Pythonista
user_329,cpp,cpp.InfiniteLoop,20,0.19,LogicLooper
user_329,python,python.OffByOne,18,0.21,LogicLooper
user_329,java,java.ArrayIndexOutOfBounds,16,0.26,LogicLooper
user_330,java,java.NullPointerException,1,0.96,PolyglotPro
user_330,python,python.AsyncAwait,3,0.88,PolyglotPro
user_330,cpp,cpp.PointerErrors,2,0.90,PolyglotPro
user_331,cpp,cpp.PointerErrors,20,0.19,PointerStruggler
user_331,cpp,cpp.MemoryLeaks,15,0.24,PointerStruggler
user_331,java,java.NullPointerException,8,0.59,PointerStruggler
user_332,java,java.NullPointerException,26,0.12,JavaNewbie
user_332,java,java.TypeMismatch,18,0.21,JavaNewbie
user_332,python,python.NameError,5,0.71,JavaNewbie
user_333,python,python.ListComprehension,34,0.93,Pythonista
user_333,python,python.AsyncAwait,4,0.83,Pythonista
user_333,cpp,cpp.InfiniteLoop,9,0.46,Pythonista
user_334,cpp,cpp.InfiniteLoop,17,0.25,LogicLooper
user_334,python,python.OffByOne,15,0.27,LogicLooper
user_334,java,java.ArrayIndexOutOfBounds,13,0.32,LogicLooper
user_335,cpp,cpp.PointerErrors,1,0.97,PolyglotPro
user_335,python,python.ListComprehension,2,0.93,PolyglotPro
user_335,java,java.StaticMethods,1,0.95,PolyglotPro
user_336,cpp,cpp.PointerErrors,24,0.13,PointerStruggler
user_336,cpp,cpp.MemoryLeaks,21,0.16,PointerStruggler
user_336,python,python.IndentationError,6,0.64,PointerStruggler
user_337,java,java.NullPointerException,30,0.08,JavaNewbie
user_337,java,java.StaticMethods,17,0.24,JavaNewbie
user_337,cpp,cpp.OffByOne,8,0.51,JavaNewbie
user_338,python,python.ListComprehension,38,0.97,Pythonista
user_338,python,python.NameError,7,0.68,Pythonista
user_338,java,java.ArrayIndexOutOfBounds,4,0.79,Pythonista
user_339,cpp,cpp.InfiniteLoop,21,0.17,LogicLooper
user_339,python,python.OffByOne,19,0.19,LogicLooper
user_339,java,java.ArrayIndexOutOfBounds,17,0.24,LogicLooper
user_340,python,python.AsyncAwait,1,0.94,PolyglotPro
user_340,java,java.NullPointerException,2,0.90,PolyglotPro
user_340,cpp,cpp.MemoryLeaks,2,0.89,PolyglotPro
user_341,cpp,cpp.PointerErrors,21,0.18,PointerStruggler
user_341,cpp,cpp.MemoryLeaks,17,0.22,PointerStruggler
user_341,java,java.ArrayIndexOutOfBounds,10,0.54,PointerStruggler
user_342,java,java.NullPointerException,31,0.07,JavaNewbie
user_342,java,java.TypeMismatch,20,0.18,JavaNewbie
user_342,python,python.ValueError,7,0.62,JavaNewbie
user_343,python,python.ListComprehension,39,0.98,Pythonista
user_343,python,python.AsyncAwait,4,0.84,Pythonista
user_343,cpp,cpp.PointerErrors,26,0.11,Pythonista
user_344,cpp,cpp.InfiniteLoop,22,0.16,LogicLooper
user_344,python,python.OffByOne,20,0.18,LogicLooper
user_344,java,java.ArrayIndexOutOfBounds,18,0.23,LogicLooper
user_345,java,java.NullPointerException,1,0.99,PolyglotPro
user_345,cpp,cpp.PointerErrors,3,0.89,PolyglotPro
user_345,python,python.OffByOne,2,0.91,PolyglotPro
user_346,cpp,cpp.PointerErrors,25,0.12,PointerStruggler
user_346,cpp,cpp.MemoryLeaks,22,0.15,PointerStruggler
user_346,python,python.SyntaxError,7,0.62,PointerStruggler
user_347,java,java.NullPointerException,32,0.06,JavaNewbie
user_347,java,java.StaticMethods,18,0.22,JavaNewbie
user_347,cpp,cpp.InfiniteLoop,11,0.42,JavaNewbie
user_348,python,python.ListComprehension,40,0.99,Pythonista
user_348,python,python.NameError,8,0.65,Pythonista
user_348,java,java.NullPointerException,5,0.76,Pythonista
user_349,cpp,cpp.InfiniteLoop,23,0.14,LogicLooper
user_349,python,python.OffByOne,21,0.16,LogicLooper
user_349,java,java.ArrayIndexOutOfBounds,19,0.22,LogicLooper
user_350,python,python.AsyncAwait,2,0.90,PolyglotPro
user_350,java,java.NullPointerException,1,0.95,PolyglotPro
user_350,cpp,cpp.OffByOne,1,0.94,PolyglotPro
user_351,cpp,cpp.PointerErrors,16,0.23,PointerStruggler
user_351,cpp,cpp.MemoryLeaks,12,0.29,PointerStruggler
user_351,java,java.NullPointerException,9,0.56,PointerStruggler
user_352,java,java.NullPointerException,23,0.16,JavaNewbie
user_352,java,java.TypeMismatch,15,0.25,JavaNewbie
user_352,python,python.IndentationError,5,0.72,JavaNewbie
user_353,python,python.ListComprehension,31,0.90,Pythonista
user_353,python,python.AsyncAwait,2,0.89,Pythonista
user_353,cpp,cpp.MemoryLeaks,19,0.18,Pythonista
user_354,cpp,cpp.InfiniteLoop,14,0.30,LogicLooper
user_354,python,python.OffByOne,12,0.33,LogicLooper
user_354,java,java.ArrayIndexOutOfBounds,10,0.39,LogicLooper
user_355,cpp,cpp.PointerErrors,4,0.86,PolyglotPro
user_355,java,java.NullPointerException,2,0.91,PolyglotPro
user_355,python,python.ListComprehension,1,0.97,PolyglotPro
user_356,cpp,cpp.PointerErrors,20,0.19,PointerStruggler
user_356,cpp,cpp.MemoryLeaks,17,0.22,PointerStruggler
user_356,python,python.TypeError,5,0.69,PointerStruggler
user_357,java,java.NullPointerException,25,0.13,JavaNewbie
user_357,java,java.StaticMethods,13,0.30,JavaNewbie
user_357,cpp,cpp.PointerErrors,9,0.47,JavaNewbie
user_358,python,python.ListComprehension,33,0.92,Pythonista
user_358,python,python.NameError,3,0.80,Pythonista
user_358,java,java.TypeMismatch,4,0.78,Pythonista
user_359,cpp,cpp.InfiniteLoop,16,0.26,LogicLooper
user_359,python,python.OffByOne,14,0.29,LogicLooper
user_359,java,java.ArrayIndexOutOfBounds,12,0.34,LogicLooper
user_360,cpp,cpp.PointerErrors,2,0.92,PolyglotPro
user_360,python,python.AsyncAwait,1,0.93,PolyglotPro
user_360,java,java.ArrayIndexOutOfBounds,2,0.88,PolyglotPro
user_361,cpp,cpp.PointerErrors,17,0.22,PointerStruggler
user_361,cpp,cpp.MemoryLeaks,13,0.27,PointerStruggler
user_361,java,java.ArrayIndexOutOfBounds,11,0.53,PointerStruggler
user_362,java,java.NullPointerException,24,0.15,JavaNewbie
user_362,java,java.TypeMismatch,16,0.24,JavaNewbie
user_362,python,python.NameError,4,0.77,JavaNewbie
user_363,python,python.ListComprehension,32,0.91,Pythonista
user_363,python,python.AsyncAwait,3,0.85,Pythonista
user_363,cpp,cpp.OffByOne,10,0.52,Pythonista
user_364,cpp,cpp.InfiniteLoop,15,0.28,LogicLooper
user_364,python,python.OffByOne,13,0.31,LogicLooper
user_364,java,java.ArrayIndexOutOfBounds,11,0.36,LogicLooper
user_365,java,java.NullPointerException,2,0.90,PolyglotPro
user_365,cpp,cpp.PointerErrors,5,0.84,PolyglotPro
user_365,python,python.OffByOne,4,0.82,PolyglotPro
user_366,cpp,cpp.PointerErrors,21,0.18,PointerStruggler
user_366,cpp,cpp.MemoryLeaks,18,0.21,PointerStruggler
user_366,python,python.IndentationError,7,0.60,PointerStruggler
user_367,java,java.NullPointerException,26,0.12,JavaNewbie
user_367,java,java.StaticMethods,14,0.28,JavaNewbie
user_367,cpp,cpp.MemoryLeaks,8,0.48,JavaNewbie
user_368,python,python.ListComprehension,34,0.93,Pythonista
user_368,python,python.NameError,5,0.73,Pythonista
user_368,java,java.ArrayIndexOutOfBounds,5,0.75,Pythonista
user_369,cpp,cpp.InfiniteLoop,17,0.24,LogicLooper
user_369,python,python.OffByOne,15,0.26,LogicLooper
user_369,java,java.ArrayIndexOutOfBounds,13,0.31,LogicLooper
user_370,python,python.AsyncAwait,1,0.92,PolyglotPro
user_370,java,java.NullPointerException,2,0.87,PolyglotPro
user_370,cpp,cpp.PointerErrors,3,0.83,PolyglotPro
user_371,cpp,cpp.PointerErrors,18,0.21,PointerStruggler
user_371,cpp,cpp.MemoryLeaks,14,0.25,PointerStruggler
user_371,java,java.NullPointerException,10,0.52,PointerStruggler
user_372,java,java.NullPointerException,27,0.11,JavaNewbie
user_372,java,java.TypeMismatch,18,0.21,JavaNewbie
user_372,python,python.ValueError,6,0.64,JavaNewbie
user_373,python,python.ListComprehension,35,0.94,Pythonista
user_373,python,python.AsyncAwait,3,0.86,Pythonista
user_373,cpp,cpp.InfiniteLoop,11,0.44,Pythonista
user_374,cpp,cpp.InfiniteLoop,18,0.22,LogicLooper
user_374,python,python.OffByOne,16,0.24,LogicLooper
user_374,java,java.ArrayIndexOutOfBounds,14,0.30,LogicLooper
user_375,java,java.NullPointerException,1,0.94,PolyglotPro
user_375,cpp,cpp.PointerErrors,4,0.85,PolyglotPro
user_375,python,python.OffByOne,3,0.84,PolyglotPro
user_376,cpp,cpp.PointerErrors,22,0.15,PointerStruggler
user_376,cpp,cpp.MemoryLeaks,19,0.19,PointerStruggler
user_376,python,python.SyntaxError,8,0.58,PointerStruggler
user_377,java,java.NullPointerException,28,0.10,JavaNewbie
user_377,java,java.StaticMethods,15,0.26,JavaNewbie
user_377,cpp,cpp.OffByOne,9,0.49,JavaNewbie
user_378,python,python.ListComprehension,36,0.95,Pythonista
user_378,python,python.NameError,6,0.69,Pythonista
user_378,java,java.NullPointerException,3,0.83,Pythonista
user_379,cpp,cpp.InfiniteLoop,19,0.20,LogicLooper
user_379,python,python.OffByOne,17,0.22,LogicLooper
user_379,java,java.ArrayIndexOutOfBounds,15,0.28,LogicLooper
user_380,python,python.AsyncAwait,2,0.89,PolyglotPro
user_380,java,java.NullPointerException,1,0.93,PolyglotPro
user_380,cpp,cpp.MemoryLeaks,1,0.92,PolyglotPro
user_381,cpp,cpp.PointerErrors,19,0.20,PointerStruggler
user_381,cpp,cpp.MemoryLeaks,15,0.23,PointerStruggler
user_381,java,java.ArrayIndexOutOfBounds,12,0.50,PointerStruggler
user_382,java,java.NullPointerException,29,0.09,JavaNewbie
user_382,java,java.TypeMismatch,19,0.19,JavaNewbie
user_382,python,python.IndentationError,7,0.63,JavaNewbie
user_383,python,python.ListComprehension,37,0.96,Pythonista
user_383,python,python.AsyncAwait,4,0.82,Pythonista
user_383,cpp,cpp.PointerErrors,25,0.12,Pythonista
user_384,cpp,cpp.InfiniteLoop,20,0.18,LogicLooper
user_384,python,python.OffByOne,18,0.20,LogicLooper
user_384,java,java.ArrayIndexOutOfBounds,16,0.25,LogicLooper
user_385,cpp,cpp.PointerErrors,2,0.91,PolyglotPro
user_385,java,java.NullPointerException,2,0.89,PolyglotPro
user_385,python,python.NameError,2,0.87,PolyglotPro
user_386,cpp,cpp.PointerErrors,23,0.14,PointerStruggler
user_386,cpp,cpp.MemoryLeaks,20,0.17,PointerStruggler
user_386,python,python.TypeError,6,0.66,PointerStruggler
user_387,java,java.NullPointerException,30,0.08,JavaNewbie
user_387,java,java.StaticMethods,16,0.25,JavaNewbie
user_387,cpp,cpp.InfiniteLoop,10,0.45,JavaNewbie
user_388,python,python.ListComprehension,38,0.97,Pythonista
user_388,python,python.NameError,7,0.67,Pythonista
user_388,java,java.TypeMismatch,7,0.68,Pythonista
user_389,cpp,cpp.InfiniteLoop,21,0.17,LogicLooper
user_389,python,python.OffByOne,19,0.19,LogicLooper
user_389,java,java.ArrayIndexOutOfBounds,17,0.23,LogicLooper
user_390,java,java.NullPointerException,1,0.92,PolyglotPro
user_390,python,python.AsyncAwait,3,0.85,PolyglotPro
user_390,cpp,cpp.OffByOne,2,0.86,PolyglotPro
user_391,cpp,cpp.PointerErrors,20,0.19,PointerStruggler
user_391,cpp,cpp.MemoryLeaks,16,0.22,PointerStruggler
user_391,java,java.NullPointerException,11,0.51,PointerStruggler
user_392,java,java.NullPointerException,31,0.07,JavaNewbie
user_392,java,java.TypeMismatch,20,0.17,JavaNewbie
user_392,python,python.NameError,6,0.65,JavaNewbie
user_393,python,python.ListComprehension,39,0.98,Pythonista
user_393,python,python.AsyncAwait,5,0.80,Pythonista
user_393,cpp,cpp.MemoryLeaks,22,0.15,Pythonista
user_394,cpp,cpp.InfiniteLoop,22,0.16,LogicLooper
user_394,python,python.OffByOne,20,0.17,LogicLooper
user_394,java,java.ArrayIndexOutOfBounds,18,0.22,LogicLooper
user_395,cpp,cpp.PointerErrors,1,0.95,PolyglotPro
user_395,python,python.ListComprehension,2,0.90,PolyglotPro
user_395,java,java.StaticMethods,2,0.88,PolyglotPro
user_396,cpp,cpp.PointerErrors,24,0.13,PointerStruggler
user_396,cpp,cpp.MemoryLeaks,21,0.16,PointerStruggler
user_396,python,python.IndentationError,8,0.57,PointerStruggler
user_397,java,java.NullPointerException,32,0.06,JavaNewbie
user_397,java,java.StaticMethods,17,0.23,JavaNewbie
user_397,cpp,cpp.PointerErrors,12,0.41,JavaNewbie
user_398,python,python.ListComprehension,40,0.99,Pythonista
user_398,python,python.NameError,8,0.64,Pythonista
user_398,java,java.ArrayIndexOutOfBounds,6,0.72,Pythonista
user_399,cpp,cpp.InfiniteLoop,23,0.14,LogicLooper
user_399,python,python.OffByOne,21,0.15,LogicLooper
user_399,java,java.ArrayIndexOutOfBounds,19,0.21,LogicLooper
user_400,python,python.AsyncAwait,1,0.88,PolyglotPro
user_400,java,java.NullPointerException,2,0.84,PolyglotPro
user_400,cpp,cpp.InfiniteLoop,2,0.83,PolyglotPro
user_401,cpp,cpp.PointerErrors,15,0.24,PointerStruggler
user_401,cpp,cpp.MemoryLeaks,11,0.30,PointerStruggler
user_401,java,java.ArrayIndexOutOfBounds,13,0.49,PointerStruggler
user_402,java,java.NullPointerException,22,0.17,JavaNewbie
user_402,java,java.TypeMismatch,14,0.26,JavaNewbie
user_402,python,python.ValueError,5,0.71,JavaNewbie
user_403,python,python.ListComprehension,30,0.89,Pythonista
user_403,python,python.AsyncAwait,2,0.87,Pythonista
user_403,cpp,cpp.OffByOne,9,0.53,Pythonista
user_404,cpp,cpp.InfiniteLoop,13,0.31,LogicLooper
user_404,python,python.OffByOne,11,0.34,LogicLooper
user_404,java,java.ArrayIndexOutOfBounds,9,0.40,LogicLooper
user_405,cpp,cpp.PointerErrors,5,0.83,PolyglotPro
user_405,java,java.NullPointerException,3,0.86,PolyglotPro
user_405,python,python.AsyncAwait,2,0.89,PolyglotPro
user_406,cpp,cpp.PointerErrors,19,0.20,PointerStruggler
user_406,cpp,cpp.MemoryLeaks,16,0.22,PointerStruggler
user_406,python,python.SyntaxError,6,0.61,PointerStruggler
user_407,java,java.NullPointerException,24,0.15,JavaNewbie
user_407,java,java.StaticMethods,12,0.31,JavaNewbie
user_407,cpp,cpp.InfiniteLoop,7,0.50,JavaNewbie
user_408,python,python.ListComprehension,32,0.91,Pythonista
user_408,python,python.NameError,2,0.82,Pythonista
user_408,java,java.TypeMismatch,3,0.79,Pythonista
user_409,cpp,cpp.InfiniteLoop,15,0.27,LogicLooper
user_409,python,python.OffByOne,13,0.29,LogicLooper
user_409,java,java.ArrayIndexOutOfBounds,11,0.35,LogicLooper
user_410,cpp,cpp.PointerErrors,3,0.87,PolyglotPro
user_410,python,python.AsyncAwait,2,0.85,PolyglotPro
user_410,java,java.ArrayIndexOutOfBounds,2,0.82,PolyglotPro
user_411,cpp,cpp.PointerErrors,16,0.23,PointerStruggler
user_411,cpp,cpp.MemoryLeaks,12,0.27,PointerStruggler
user_411,java,java.NullPointerException,12,0.48,PointerStruggler
user_412,java,java.NullPointerException,23,0.16,JavaNewbie
user_412,java,java.TypeMismatch,15,0.24,JavaNewbie
user_412,python,python.NameError,3,0.78,JavaNewbie
user_413,python,python.ListComprehension,31,0.90,Pythonista
user_413,python,python.AsyncAwait,3,0.84,Pythonista
user_413,cpp,cpp.MemoryLeaks,18,0.19,Pythonista
user_414,cpp,cpp.InfiniteLoop,14,0.29,LogicLooper
user_414,python,python.OffByOne,12,0.32,LogicLooper
user_414,java,java.ArrayIndexOutOfBounds,10,0.37,LogicLooper
user_415,java,java.NullPointerException,2,0.88,PolyglotPro
user_415,cpp,cpp.PointerErrors,6,0.81,PolyglotPro
user_415,python,python.OffByOne,5,0.79,PolyglotPro
user_416,cpp,cpp.PointerErrors,20,0.18,PointerStruggler
user_416,cpp,cpp.MemoryLeaks,17,0.21,PointerStruggler
user_416,python,python.IndentationError,9,0.55,PointerStruggler
user_417,java,java.NullPointerException,25,0.13,JavaNewbie
user_417,java,java.StaticMethods,13,0.29,JavaNewbie
user_417,cpp,cpp.MemoryLeaks,9,0.46,JavaNewbie
user_418,python,python.ListComprehension,33,0.92,Pythonista
user_418,python,python.NameError,4,0.76,Pythonista
user_418,java,java.ArrayIndexOutOfBounds,4,0.77,Pythonista
user_419,cpp,cpp.InfiniteLoop,16,0.25,LogicLooper
user_419,python,python.OffByOne,14,0.27,LogicLooper
user_419,java,java.ArrayIndexOutOfBounds,12,0.32,LogicLooper
user_420,python,python.AsyncAwait,2,0.86,PolyglotPro
user_420,java,java.NullPointerException,3,0.82,PolyglotPro
user_420,cpp,cpp.PointerErrors,4,0.80,PolyglotPro
user_421,cpp,cpp.PointerErrors,17,0.21,PointerStruggler
user_421,cpp,cpp.MemoryLeaks,13,0.26,PointerStruggler
user_421,java,java.NullPointerException,13,0.47,PointerStruggler
user_422,java,java.NullPointerException,26,0.12,JavaNewbie
user_422,java,java.TypeMismatch,17,0.22,JavaNewbie
user_422,python,python.ValueError,7,0.60